distance,traffic,weather,delivery_speed,delayed
8.1,3,2,31,0
19.1,3,0,23,1
14.9,3,2,27,1
12.4,2,2,24,0
4.0,2,0,24,0
4.0,2,2,15,0
2.1,3,1,36,0
17.5,2,0,24,1
12.4,1,1,27,0
14.5,1,0,13,0
1.4,2,2,32,0
19.4,1,2,17,1
16.8,1,2,24,1
5.0,3,0,12,0
4.5,2,1,39,0
4.5,2,1,24,0
6.8,3,0,22,0
11.0,1,0,18,0
9.2,1,1,11,0
6.5,2,1,33,0
12.6,1,1,17,1
3.7,3,1,38,0
6.6,3,0,39,0
8.0,2,0,29,1
9.7,3,2,26,1
15.9,3,1,22,1
4.8,2,2,10,0
10.8,3,0,11,1
12.3,3,0,39,1
1.9,3,2,24,1
12.5,1,1,21,0
4.2,2,1,23,0
2.2,2,1,34,0
19.0,2,1,38,1
19.3,1,2,11,1
16.4,1,2,27,1
6.8,2,0,31,0
2.9,1,1,16,0
14.0,2,1,38,0
9.4,1,1,32,0
3.3,3,2,38,0
10.4,3,1,34,0
1.7,2,2,15,0
18.3,1,1,23,1
5.9,1,1,17,0
13.6,3,0,36,1
6.9,3,1,31,1
10.9,1,1,11,0
11.4,1,0,26,0
4.5,1,2,14,0
19.4,1,2,23,1
15.7,1,1,34,0
18.9,1,2,33,1
18.0,2,1,39,0
12.4,1,0,38,0
18.5,3,0,29,1
2.7,2,1,30,0
4.7,1,0,38,0
1.9,3,0,30,0
7.2,2,1,31,0
8.4,3,1,12,1
6.2,1,0,14,0
16.7,1,2,25,1
7.8,1,2,27,0
6.3,1,1,35,0
11.3,2,1,26,1
3.7,2,2,20,0
16.2,3,0,26,1
2.4,1,2,25,0
19.8,3,2,35,1
15.7,2,2,32,1
4.8,1,2,11,0
1.1,1,1,13,0
16.5,2,1,30,1
14.4,2,0,16,1
14.9,2,0,11,1
15.7,2,0,39,0
2.4,2,0,15,0
7.8,1,2,26,0
3.2,2,1,16,0
17.4,1,1,34,1
12.8,1,0,14,0
7.3,2,0,14,1
2.2,2,2,29,0
6.9,1,2,25,0
7.2,2,0,28,0
14.9,2,1,18,1
13.1,2,1,14,1
17.9,3,1,17,1
10.0,1,0,18,0
3.3,3,1,14,1
14.6,2,2,19,1
15.5,3,2,34,1
11.7,2,0,11,1
15.6,3,2,18,1
10.4,2,0,20,1
10.9,3,1,13,1
9.1,3,1,31,1
1.5,3,1,31,0
3.0,1,2,31,0
1.6,3,0,11,0
13.1,1,1,32,0
7.0,2,0,38,0
10.7,3,1,15,1
18.2,2,2,36,1
5.7,2,2,23,0
8.8,3,0,10,1
15.4,1,2,27,1
5.3,3,2,16,1
2.5,2,0,10,0
6.5,2,1,10,0
4.1,3,2,10,1
18.7,1,0,33,0
16.4,1,2,13,1
13.0,2,2,13,1
17.6,2,2,38,1
16.3,1,2,27,1
4.5,3,0,36,0
18.0,2,0,20,1
11.2,1,0,36,0
16.3,2,2,10,1
18.0,3,2,37,1
7.0,1,2,19,0
3.1,2,0,18,0
5.3,3,2,32,0
9.1,2,1,13,1
16.5,3,2,37,1
17.4,3,1,15,1
1.1,1,2,39,0
10.7,3,0,25,1
8.9,2,2,11,1
5.2,3,1,32,0
3.3,3,1,27,1
7.4,1,2,19,0
18.9,3,1,33,1
7.1,3,1,33,1
10.9,2,0,26,0
14.4,1,2,22,1
7.9,1,2,33,0
19.5,1,2,27,1
19.3,3,1,31,1
5.8,1,2,22,0
10.4,3,2,26,1
6.7,3,0,14,0
6.4,2,0,20,0
1.7,2,0,16,0
12.6,2,1,38,0
10.6,2,2,19,1
2.0,2,0,26,0
6.3,3,0,24,0
18.3,3,0,27,1
5.6,1,2,32,0
3.8,3,2,31,0
10.3,3,2,28,1
19.7,2,1,39,1
5.6,3,1,35,0
13.8,2,0,11,1
15.5,1,2,35,1
5.5,1,0,13,0
14.8,3,2,12,1
8.0,1,2,16,1
13.0,3,2,33,1
13.0,1,1,27,1
11.2,2,1,19,1
2.7,2,2,16,0
16.9,2,0,17,1
7.1,2,2,15,1
4.5,3,2,31,1
1.8,1,0,35,0
12.2,3,2,10,1
13.9,2,0,13,1
1.3,3,1,23,0
10.7,1,1,26,0
5.3,3,0,29,0
13.3,1,1,27,0
4.3,3,1,20,0
14.1,1,0,38,0
8.3,1,1,30,0
18.8,2,2,35,0
3.6,1,2,23,0
7.5,2,0,18,0
3.2,2,1,36,0
18.6,2,2,24,1
17.7,3,2,21,1
5.9,3,1,19,1
13.5,3,1,28,1
16.5,3,2,33,1
11.5,1,2,28,1
11.1,1,0,15,0
5.6,3,0,29,0
2.8,1,2,33,0
18.0,1,0,36,0
18.1,2,2,15,1
13.0,2,2,17,1
7.4,2,0,10,0
7.6,2,0,31,0
14.8,1,1,26,0
18.0,3,1,26,1
17.9,1,1,33,1
15.8,1,2,24,1
13.2,1,0,16,0
2.6,2,2,28,0
4.1,2,0,31,0
18.1,2,2,34,1
12.5,3,1,32,1
1.2,1,1,37,0
2.9,3,1,12,1
13.6,2,2,39,1
1.1,3,0,39,0
4.1,1,0,38,0
11.4,1,1,31,0
14.1,2,1,20,0
13.4,2,1,29,1
5.3,3,1,39,0
14.5,2,0,38,0
5.5,2,2,28,0
7.2,1,2,18,1
15.2,2,2,19,1
13.3,2,2,11,1
17.1,1,1,10,1
13.5,1,1,39,0
11.8,3,1,25,1
2.8,2,2,27,1
8.0,1,1,32,0
6.0,3,1,35,0
5.6,3,0,26,1
19.5,2,0,15,1
8.5,2,1,23,0
17.9,3,0,32,1
13.0,1,0,34,0
16.1,3,1,24,1
10.6,2,1,23,0
12.0,1,1,33,0
10.4,1,1,31,0
4.7,3,2,12,0
14.7,2,2,33,1
6.3,3,1,32,0
1.5,3,0,28,0
13.3,3,1,34,1
4.4,1,1,21,0
18.9,1,0,11,1
19.1,2,2,12,1
18.4,2,1,27,1
8.0,3,1,38,0
1.3,3,2,10,1
18.6,3,2,29,1
9.1,2,0,30,0
19.4,1,2,38,1
19.3,1,2,15,1
17.2,3,2,14,1
6.6,3,0,10,1
8.3,3,2,28,1
17.2,3,2,10,1
7.0,2,0,36,0
4.2,1,2,30,0
11.6,3,2,30,1
18.8,2,0,25,0
14.2,3,1,21,1
11.8,3,0,36,1
2.8,1,2,38,0
12.7,3,2,31,1
19.8,1,2,17,1
3.7,1,0,35,0
10.8,1,2,25,0
17.7,2,2,37,1
15.1,2,0,10,1
14.2,1,1,13,1
14.3,3,1,19,1
7.8,1,2,20,1
6.6,3,0,26,0
16.4,1,2,34,1
16.4,3,0,36,0
17.5,2,0,32,1
18.4,3,1,16,1
10.7,1,1,21,1
10.5,2,0,30,0
16.2,3,2,16,1
13.3,3,1,21,1
14.3,3,2,24,1
16.1,3,1,11,1
17.9,3,1,23,1
7.4,2,2,22,0
8.1,2,1,13,0
2.8,2,1,23,0
12.0,2,2,23,1
1.7,1,1,25,0
9.8,2,1,16,0
11.3,3,1,28,1
6.4,3,2,11,1
12.2,2,0,19,1
1.6,3,2,27,0
1.7,2,0,38,0
16.6,3,1,26,0
7.8,1,0,14,0
3.4,1,2,21,0
10.9,2,2,15,1
15.6,2,1,31,1
5.1,2,0,18,0
12.8,3,1,29,1
2.6,2,1,10,0
2.0,1,2,31,0
11.1,3,0,24,1
11.3,2,0,30,0
13.1,3,0,35,0
14.8,3,0,15,1
19.5,2,1,28,1
10.8,3,1,27,1
7.1,1,2,15,1
16.1,1,1,22,1
6.1,3,1,10,0
9.3,2,2,32,1
2.5,3,2,32,1
1.5,1,2,35,0
19.3,3,1,22,1
16.9,3,1,16,1
14.2,1,2,24,1
8.8,3,2,21,1
4.3,3,2,36,0
4.0,2,1,35,0
5.8,2,1,10,0
11.4,1,0,24,1
14.6,1,1,13,1
13.5,1,1,22,1
6.3,2,1,32,0
19.1,1,2,36,1
15.0,1,1,34,0
11.5,1,2,14,0
12.6,2,0,38,0
9.0,3,0,11,1
5.7,1,2,32,0
7.8,3,2,35,0
15.4,1,2,10,0
1.3,3,1,25,0
3.2,2,0,32,0
1.9,2,2,15,0
1.8,1,1,32,0
17.3,3,0,25,1
14.4,2,1,23,1
10.0,1,0,38,0
2.9,1,1,35,0
10.3,2,0,12,0
10.0,2,0,24,0
4.3,1,1,12,0
9.2,3,2,32,1
8.6,3,0,38,0
12.7,3,2,11,1
13.1,1,1,10,1
1.9,2,2,18,0
8.1,1,2,18,0
12.9,2,2,32,1
10.6,3,2,16,1
17.3,3,2,12,1
13.5,2,0,35,0
4.1,2,0,27,0
2.3,1,0,20,0
13.2,3,1,16,1
1.5,1,2,18,0
12.1,1,0,10,0
18.9,1,1,38,0
11.9,3,0,23,1
8.4,1,0,29,0
13.2,1,2,15,1
9.7,1,1,16,1
11.4,1,2,19,1
18.9,1,2,16,1
8.3,1,0,35,0
19.3,3,2,11,1
18.2,1,1,39,0
4.7,2,2,13,0
2.3,1,2,30,0
2.9,1,2,39,0
1.3,3,0,37,0
2.8,3,1,26,0
14.0,2,0,10,1
2.4,2,0,19,0
7.1,3,0,28,0
17.1,3,0,24,0
1.4,1,0,19,0
16.5,3,1,28,1
6.4,2,2,21,1
3.2,1,0,33,0
14.2,2,0,25,0
12.9,1,1,18,0
17.7,3,1,24,1
15.0,2,2,39,1
16.3,1,1,36,0
6.4,1,2,37,0
4.4,3,0,26,0
15.3,3,0,23,1
16.3,3,2,36,1
19.8,2,1,27,1
8.8,1,2,35,0
8.1,3,1,11,1
15.8,2,0,13,1
7.5,2,1,27,0
18.7,2,2,16,1
17.3,3,2,22,1
9.2,3,0,24,0
15.3,1,1,34,1
15.3,1,1,32,0
3.0,3,1,37,0
18.1,2,0,31,1
10.6,2,1,35,0
16.7,2,2,10,1
7.1,1,1,20,0
18.0,2,0,19,1
8.4,1,1,34,0
1.2,1,1,14,0
18.2,2,2,25,1
2.7,2,1,20,0
7.1,3,2,30,0
19.1,3,2,15,1
19.1,2,0,18,1
11.9,1,2,22,0
13.0,1,2,33,0
9.5,1,0,17,0
6.6,1,2,23,1
7.2,1,0,33,0
13.8,3,1,10,1
15.3,2,0,26,0
16.0,3,2,33,1
16.0,1,0,14,1
2.7,1,2,34,0
10.4,1,1,11,0
2.1,1,0,34,0
11.4,2,1,37,0
9.4,1,2,39,0
17.9,2,2,33,1
7.7,1,1,18,1
3.2,2,0,13,0
3.7,3,0,26,1
15.5,1,2,26,1
12.7,2,1,30,0
2.9,3,1,27,0
2.6,1,0,25,0
14.3,1,0,39,0
2.4,1,0,17,0
16.6,2,1,35,1
14.4,2,0,20,1
2.5,3,0,30,0
2.6,2,2,30,0
19.7,2,0,27,1
8.1,1,0,32,0
8.0,1,1,38,0
16.4,1,1,33,0
19.0,1,2,19,1
19.7,1,0,22,1
15.3,1,2,26,1
8.1,1,1,27,0
2.6,3,2,19,0
15.8,3,1,25,1
11.6,3,2,29,1
9.1,3,2,14,1
18.2,1,0,22,0
3.1,3,2,27,1
10.4,1,0,26,0
1.2,3,0,18,0
9.9,2,0,23,0
2.1,3,0,26,0
3.3,3,2,38,1
3.2,1,1,13,0
13.3,3,1,27,1
15.2,2,1,36,0
12.1,1,2,29,1
19.3,1,0,33,0
8.1,3,1,33,1
6.4,1,2,24,0
17.5,1,0,20,1
5.2,1,1,21,0
19.3,1,0,18,1
1.2,1,1,22,0
19.4,1,1,24,1
1.8,2,1,36,0
17.9,3,0,24,1
11.0,2,2,37,1
19.9,1,0,14,1
2.4,1,1,32,0
11.5,3,0,28,1
19.4,2,2,35,1
10.9,3,0,29,1
13.0,2,2,35,0
14.2,1,2,34,0
9.6,3,0,35,0
12.9,3,1,35,1
12.1,1,2,23,1
18.1,3,0,37,0
1.9,2,2,26,0
6.3,2,1,27,1
19.1,2,0,30,1
17.9,2,0,12,1
9.7,1,0,11,1
12.8,3,1,10,1
6.3,2,2,19,1
4.6,1,0,28,0
9.8,3,2,26,1
7.7,3,2,21,1
12.1,1,1,10,1
2.5,1,0,21,0
19.5,2,2,26,1
19.7,3,0,33,1
14.3,3,0,12,1
11.2,1,1,20,1
6.9,3,0,26,0
16.5,2,0,32,0
14.0,3,2,35,1
4.1,1,1,12,0
18.3,1,0,17,1
16.6,2,2,29,1
19.0,2,1,13,1
14.8,3,1,30,0
12.7,3,2,31,1
8.9,1,2,16,1
18.7,2,2,23,1
17.5,2,2,23,1
1.9,2,2,13,0
1.5,3,0,25,0
8.2,2,0,33,0
16.4,1,1,38,0
19.8,1,0,31,0
3.9,3,0,39,0
12.3,3,0,10,1
8.2,2,2,26,0
19.4,3,1,34,1
17.0,1,1,19,1
16.9,2,1,31,1
9.9,1,1,25,0
8.9,2,0,25,0
6.2,3,0,35,0
2.1,2,2,17,1
17.4,2,1,38,1
16.4,1,0,16,0
20.0,1,0,37,0
19.9,2,2,15,1
11.6,3,2,25,1
15.6,3,2,29,1
19.0,1,0,25,1
17.1,3,0,16,1
5.7,1,2,18,1
9.6,3,1,23,1
3.5,2,2,20,0
19.1,1,2,35,1
12.5,1,2,35,0
5.3,2,2,23,0
13.8,1,0,16,0
12.7,3,1,10,1
7.8,3,2,35,1
3.2,1,1,34,0
13.8,3,1,22,1
10.9,1,1,29,0
15.7,2,2,12,1
10.9,1,0,29,0
17.2,2,2,13,1
11.5,3,1,38,0
11.7,2,1,35,0
17.7,3,0,20,1
8.7,1,2,11,1
3.5,3,1,23,1
1.5,1,0,21,0
15.3,1,1,39,0
12.8,2,0,26,0
14.4,2,0,21,1
5.0,2,2,35,0
3.6,2,1,21,1
1.3,3,2,10,1
7.7,3,1,22,1
12.2,3,2,23,1
8.5,1,1,33,0
9.3,3,2,39,1
18.2,3,0,11,1
7.6,3,1,21,1
10.8,2,1,35,1
15.9,3,0,30,1
8.5,1,2,37,0
12.8,2,1,25,1
17.4,1,1,13,1
19.0,3,2,17,1
3.8,2,0,11,0
18.6,1,2,19,1
10.4,3,2,18,1
5.9,1,2,32,0
9.7,1,1,24,0
19.6,1,0,22,0
10.4,3,0,32,0
7.2,3,2,26,1
13.0,1,1,39,0
5.6,2,2,25,0
2.4,2,1,37,0
3.4,3,1,11,1
3.4,3,1,29,0
3.9,3,1,29,0
3.6,3,0,36,0
13.2,3,1,23,1
4.5,2,1,12,0
7.6,3,2,32,0
18.0,1,2,21,1
10.0,1,0,17,0
13.7,2,2,11,1
4.3,1,1,13,0
4.7,2,2,23,1
1.8,2,0,25,0
4.2,1,2,28,0
6.3,3,2,11,1
4.4,1,0,21,0
2.7,1,0,38,0
3.3,2,1,23,0
9.8,1,2,15,0
4.9,2,1,22,0
7.9,3,2,13,1
10.6,3,2,31,1
14.1,3,1,27,1
1.7,1,2,21,0
16.2,2,2,29,1
12.9,3,2,36,1
2.6,2,0,31,0
17.6,2,1,39,1
18.5,3,0,30,1
2.2,3,1,28,0
6.3,2,1,17,1
16.3,3,2,16,1
15.2,2,1,25,1
4.5,2,0,28,0
5.0,3,0,15,1
8.0,1,0,29,0
10.2,3,1,36,0
12.7,1,0,30,0
8.0,2,1,20,0
9.8,2,0,14,0
15.2,1,0,25,1
1.7,2,1,16,0
5.8,1,0,36,0
14.6,1,2,14,1
18.0,2,1,20,1
10.7,1,1,24,1
11.1,3,1,12,1
3.0,3,2,35,0
9.5,2,1,14,1
11.1,2,0,32,0
5.6,1,0,30,0
6.1,1,0,14,0
8.2,1,1,18,0
1.4,1,0,24,0
7.1,3,1,12,1
5.0,3,0,38,0
7.2,2,2,15,1
3.3,1,2,26,0
17.9,1,2,35,1
12.3,2,2,30,1
13.9,1,1,17,1
16.0,1,0,30,0
10.5,1,2,34,1
2.7,1,1,20,0
11.2,1,2,15,1
12.1,2,2,17,1
15.2,1,1,19,1
9.2,2,1,33,0
3.4,1,0,38,0
6.4,3,0,12,1
7.9,3,2,32,1
13.3,3,2,23,1
11.8,3,0,32,0
7.8,2,0,23,0
19.7,2,1,19,1
12.5,1,0,21,1
5.5,3,0,15,0
2.9,2,2,21,0
3.9,1,0,32,0
5.7,1,2,23,0
4.1,2,0,11,0
4.5,3,1,18,1
6.4,1,0,19,0
4.3,3,0,35,0
18.0,3,0,26,1
2.5,3,2,26,1
11.0,1,1,12,1
8.8,3,0,39,1
19.7,1,2,28,0
3.1,3,1,10,0
8.6,1,2,21,1
19.4,3,2,16,1
17.4,2,1,13,1
16.5,3,0,19,1
5.9,3,2,22,1
4.2,1,2,11,0
13.7,1,0,19,0
18.7,3,0,30,1
11.6,2,1,31,1
11.9,2,1,34,1
6.3,1,1,13,1
15.6,2,0,27,0
4.6,3,2,14,1
7.1,1,2,28,0
9.1,3,1,11,0
10.6,1,0,21,0
5.6,1,2,26,0
3.2,1,1,19,0
12.6,1,2,11,1
6.5,2,2,15,1
12.0,3,0,17,1
3.9,3,0,38,0
10.1,3,2,28,1
11.1,1,1,20,1
2.0,2,0,34,0
7.4,3,2,21,1
3.6,2,0,18,0
2.2,1,0,11,0
19.8,3,0,17,1
7.1,2,2,35,0
16.4,1,1,20,1
5.8,2,1,37,0
13.9,3,1,30,1
15.4,3,0,13,1
12.3,1,2,19,0
10.0,1,0,30,0
8.8,1,1,29,0
7.6,2,1,25,0
18.7,2,2,17,1
16.8,2,0,13,0
19.3,1,1,38,0
3.4,3,2,19,1
14.9,3,0,21,0
18.8,2,0,38,0
4.4,2,1,23,0
2.3,3,1,25,0
15.1,3,0,31,1
11.9,2,0,27,0
17.0,2,1,30,1
3.7,3,0,31,0
16.1,1,1,30,1
4.8,2,0,21,0
4.1,3,1,27,1
4.1,3,2,39,1
16.5,3,1,16,1
13.6,3,1,29,1
10.9,1,2,33,0
7.8,3,0,32,0
17.7,2,2,16,1
8.5,1,1,18,0
16.5,3,0,10,1
9.3,1,2,35,0
8.2,2,0,15,0
9.8,3,0,15,1
6.7,2,2,31,1
15.2,3,0,38,0
10.6,3,2,21,1
5.4,3,1,31,0
18.1,3,0,21,1
8.3,3,1,19,1
11.3,1,1,32,0
18.2,3,0,39,0
12.9,3,2,35,1
3.2,1,0,15,0
18.9,1,1,26,0
12.9,1,1,28,0
7.4,1,2,27,1
3.6,1,0,15,0
16.1,1,1,33,1
12.8,3,1,28,1
11.1,3,1,19,1
18.0,2,2,33,1
16.0,3,1,17,1
3.9,3,1,30,0
6.9,1,0,33,0
5.7,1,0,15,0
15.1,3,1,30,0
1.6,2,1,34,0
11.8,1,0,39,0
15.5,3,2,16,1
17.7,3,2,33,1
7.5,2,2,10,1
16.6,2,2,36,0
3.1,1,2,27,0
17.1,2,2,33,1
3.4,3,2,37,0
8.5,3,2,34,1
16.1,2,0,29,1
3.8,2,2,21,0
5.4,2,2,25,1
14.7,2,2,19,1
14.7,1,1,36,0
13.2,2,0,19,1
14.2,1,0,23,0
11.3,3,0,34,0
5.8,2,2,29,0
7.6,1,2,19,0
4.5,2,1,19,0
18.3,3,0,35,1
12.1,3,2,34,1
8.6,3,0,20,1
9.8,2,1,32,0
19.0,2,1,11,1
3.9,1,1,34,0
12.1,3,0,29,1
10.6,2,2,17,1
12.6,3,2,39,1
1.3,3,1,32,0
17.6,1,2,38,1
18.7,1,1,16,1
11.7,1,0,17,0
14.2,1,1,10,1
18.5,3,0,30,1
14.4,1,1,11,1
3.9,1,2,27,0
11.9,1,2,24,1
12.5,1,1,10,1
9.1,3,2,14,1
15.0,1,2,11,1
18.8,3,2,29,1
18.6,2,0,12,1
9.6,3,2,28,1
3.2,3,0,27,0
19.7,1,1,38,1
16.9,2,2,31,1
3.4,2,2,27,0
18.5,2,2,23,1
17.5,2,1,39,1
10.9,3,0,33,0
12.2,2,0,17,1
8.6,3,2,38,1
2.0,3,1,39,0
7.4,3,1,21,0
16.3,2,1,30,1
1.1,1,1,19,0
7.3,1,1,32,1
8.6,2,0,29,0
11.2,1,0,26,0
18.5,1,0,20,0
7.6,3,2,11,1
7.6,3,1,35,1
15.0,2,2,35,0
9.6,2,1,13,0
5.3,1,0,10,0
9.6,3,2,24,1
3.7,2,0,22,0
4.4,2,1,17,0
10.5,2,1,34,0
9.0,2,1,13,0
18.4,2,0,19,0
7.9,2,1,28,1
12.0,1,0,27,1
13.0,3,2,14,1
1.2,3,1,39,0
13.6,2,1,28,1
4.4,3,1,35,0
19.3,3,2,32,1
3.8,3,1,36,0
8.9,2,0,31,0
2.6,2,0,25,0
19.9,3,1,10,1
10.5,3,1,21,1
12.3,2,2,33,1
2.3,1,2,11,0
15.2,3,2,30,1
5.0,1,1,34,0
18.1,3,2,17,1
4.9,1,2,27,0
4.6,1,0,34,0
1.7,1,2,25,0
10.0,2,0,14,0
11.7,1,0,35,0
2.2,1,2,39,0
15.7,1,0,31,0
9.6,3,1,22,1
11.0,1,1,28,0
9.4,3,2,38,1
8.6,1,1,12,0
11.6,1,0,35,0
3.9,2,1,17,1
4.5,3,2,36,1
17.4,1,2,35,1
19.0,3,0,35,1
8.1,3,2,21,0
6.1,2,1,11,1
13.2,2,2,20,1
8.8,2,0,21,1
1.5,2,2,37,0
4.0,2,1,27,0
14.6,2,0,22,1
13.5,2,1,14,1
1.5,2,0,31,0
5.2,1,2,21,0
5.4,3,0,11,0
13.8,2,0,14,1
1.4,2,2,16,1
3.0,3,1,35,0
16.2,1,2,35,0
4.4,3,0,33,0
13.4,3,2,21,1
5.5,2,0,25,0
2.9,3,2,32,0
5.6,3,2,17,1
14.7,2,1,39,0
17.3,2,0,37,1
16.8,2,1,18,1
8.5,2,0,24,0
13.7,3,2,14,1
4.9,3,0,22,0
6.6,1,1,14,0
18.0,1,1,20,1
1.2,3,1,19,0
2.6,1,0,29,0
4.9,3,1,22,0
1.5,1,1,18,0
4.4,2,1,30,1
12.1,1,2,23,1
9.0,2,2,27,1
18.0,2,0,24,1
16.5,2,0,19,1
7.5,2,1,33,1
5.9,1,2,16,0
8.2,3,1,17,1
12.2,2,1,37,1
6.1,1,2,12,0
12.9,2,2,24,1
8.8,1,2,25,1
11.5,1,0,13,0
9.3,1,0,30,0
6.6,3,1,15,1
19.0,1,0,10,1
15.5,1,2,13,1
3.7,3,2,20,1
17.5,3,0,21,1
10.3,1,1,35,0
18.0,3,1,38,1
16.2,2,0,14,1
9.1,2,1,32,0
1.4,3,1,38,0
6.1,3,1,30,0
11.3,1,2,25,1
13.0,3,2,22,1
5.9,1,0,22,0
3.6,2,2,26,0
16.9,3,1,36,1
19.7,1,2,16,1
11.0,1,0,17,0
4.3,2,2,22,0
6.2,3,1,32,0
1.3,2,1,36,0
18.4,1,0,25,1
3.2,1,2,39,0
12.0,3,2,38,1
6.2,1,2,13,1
11.5,3,1,17,1
13.4,2,0,25,1
16.8,3,2,30,1
4.9,3,1,19,0
1.2,1,1,34,0
3.6,1,1,21,0
18.1,3,2,21,1
17.6,1,2,35,1
12.4,1,2,14,1
12.4,1,2,25,1
13.6,3,2,10,1
4.3,1,2,37,0
18.4,3,2,18,1
9.0,1,2,21,0
8.3,2,2,14,1
10.9,1,1,31,0
1.9,1,2,29,0
4.2,3,0,31,0
15.0,3,1,37,1
2.6,1,2,33,0
12.5,2,0,12,1
5.7,1,2,14,0
8.4,1,0,11,1
6.5,2,0,23,0
7.8,3,0,11,0
14.7,1,0,22,0
6.6,3,1,16,1
11.8,3,1,19,1
10.0,2,0,22,1
13.6,2,2,25,1
18.8,3,0,35,1
14.9,1,1,23,0
5.1,3,2,20,1
1.6,1,1,19,0
6.0,1,1,15,0
12.3,2,2,13,1
2.0,1,0,30,0
10.4,1,0,10,0
12.3,3,0,16,0
7.4,2,0,33,0
15.6,1,2,18,1
3.0,1,2,17,0
2.4,2,2,14,1
14.8,3,1,28,1
10.4,2,2,19,1
14.1,2,0,20,1
9.3,1,1,34,0
5.7,1,0,24,0
16.6,3,0,15,1
16.2,1,2,24,1
14.2,1,2,14,1
6.2,2,0,38,0
12.2,1,0,28,0
7.9,3,1,31,0
2.7,2,2,28,0
18.4,3,1,19,1
3.6,2,1,21,0
19.1,1,1,31,1
9.5,2,0,13,0
4.5,2,1,27,0
11.3,1,1,25,0
17.6,1,0,17,0
14.9,3,2,13,1
16.3,3,2,34,1
13.5,1,1,32,0
14.2,1,0,21,0
17.1,1,2,11,1
5.7,2,1,13,1
10.3,2,1,14,0
5.2,2,0,12,0
19.8,1,1,18,1
18.9,3,2,38,1
1.7,1,0,30,0
14.4,2,2,27,1
18.6,2,2,20,1
4.4,1,2,12,0
11.8,1,1,39,0
18.4,2,1,34,1
1.6,2,2,32,0
14.3,2,2,11,1
6.6,1,0,18,0
18.6,2,0,23,1
19.5,2,1,13,1
18.9,3,1,38,1
10.0,1,0,18,0
17.4,3,2,22,1
17.0,3,1,27,1
7.1,2,2,24,0
16.7,1,0,37,0
1.7,2,1,19,0
12.3,1,1,25,0
5.4,3,0,21,0
3.3,1,1,29,0
2.5,2,0,14,0
14.2,2,1,11,0
7.5,2,0,19,0
14.8,1,1,10,1
2.2,3,2,16,0
7.0,3,2,35,1
11.3,1,2,26,0
16.0,2,1,25,1
7.1,3,1,36,0
12.9,2,2,36,0
17.8,1,2,33,0
12.7,2,0,12,1
5.4,3,0,23,0
1.5,3,0,19,0
17.5,2,2,31,1
1.4,1,2,16,0
17.6,2,2,35,1
11.0,1,0,26,0
18.8,2,1,39,1
16.2,3,2,15,1
20.0,1,1,32,1
7.7,1,1,31,0
15.6,1,1,13,0
8.6,3,0,26,0
10.1,2,1,36,0
12.9,3,2,18,1
17.6,1,0,13,1
19.7,2,2,16,1
15.6,3,2,32,1
8.9,1,0,11,1
9.0,1,2,26,0
15.0,3,2,33,1
5.5,3,0,17,1
3.1,3,2,32,0
7.7,1,1,39,0
6.5,3,2,24,1
6.6,1,1,24,0
5.4,3,2,17,0
1.8,1,0,25,0
1.3,1,0,28,0
19.8,2,2,20,1
9.1,3,0,11,1
8.3,3,2,32,0
13.9,1,0,33,0
5.1,1,1,26,0
19.0,1,2,37,1
15.9,2,1,35,1
2.7,2,1,25,0
8.9,1,2,34,0
17.7,3,1,24,1
18.9,3,2,22,1
9.9,2,1,24,0
12.7,2,2,36,1
4.2,1,2,13,0
19.8,3,0,25,1
5.4,1,2,39,0
18.9,2,2,21,1
13.3,3,1,39,1
12.5,3,2,13,1
10.7,2,0,12,1
5.4,1,1,31,0
4.4,1,1,26,1
5.2,3,0,31,0
4.5,2,1,27,0
15.8,3,1,34,1
7.7,2,1,27,0
2.1,1,1,32,0
19.4,2,0,37,0
17.8,1,0,26,1
18.6,2,1,21,1
19.9,3,1,32,1
4.3,1,0,30,0
8.5,3,0,33,1
15.4,3,0,13,1
14.2,1,1,21,0
3.9,1,1,35,0
16.5,3,2,32,1
5.3,3,0,31,0
5.3,3,1,30,0
11.2,3,0,29,1
12.3,1,1,24,0
12.0,1,0,32,0
2.7,3,1,37,0
17.7,2,2,25,1
6.0,2,2,14,1
3.5,1,0,30,0
17.9,3,1,24,1
19.2,3,1,26,1
17.4,1,0,27,0
16.4,2,1,14,1
13.4,2,0,22,0
11.5,2,1,28,1
2.7,1,0,39,0
8.8,2,1,22,0
8.1,1,0,27,0
5.9,1,1,23,0
14.7,3,2,39,1
10.4,2,1,13,1
2.5,1,0,13,0
5.2,2,2,29,0
14.0,2,1,29,0
2.4,3,2,28,0
17.2,2,1,22,0
10.4,3,2,21,0
10.1,1,0,16,0
12.3,2,1,34,0
16.7,1,1,21,1
7.6,2,0,30,0
13.9,1,2,13,1
11.7,2,0,36,0
6.1,2,0,11,0
17.7,2,2,11,1
16.2,2,0,14,1
13.5,2,1,32,0
17.2,2,1,19,1
17.5,2,1,19,1
14.5,2,0,18,1
16.9,2,1,22,1
14.3,1,1,16,1
13.9,3,1,14,1
12.8,2,1,35,0
15.3,3,1,19,1
4.0,2,1,19,0
17.7,2,0,15,1
17.6,1,1,36,1
1.6,1,1,37,0
16.7,3,2,28,1
3.4,1,0,30,0
7.4,1,0,17,0
15.1,3,0,10,0
4.1,1,0,37,0
16.5,2,1,26,1
16.8,3,1,16,1
10.6,3,2,23,1
1.1,2,2,30,0
6.5,1,0,39,0
12.7,3,2,30,1
19.6,3,2,26,1
13.0,2,0,18,0
5.9,2,0,26,0
13.0,1,2,14,1
11.3,3,1,35,0
15.8,1,2,34,1
3.0,1,2,39,0
15.5,2,1,29,1
11.3,3,1,38,0
19.3,3,0,17,1
7.5,3,0,15,1
13.0,2,2,20,1
18.7,2,1,28,1
2.9,2,0,13,0
18.8,2,2,27,1
14.1,2,1,10,1
2.3,3,2,22,0
6.7,1,0,23,0
14.5,3,0,33,1
2.3,1,1,10,0
12.1,2,2,39,1
7.6,1,1,38,0
12.8,3,0,20,1
1.9,3,0,26,0
17.6,1,2,13,1
19.5,2,2,35,0
19.4,2,2,21,1
15.2,3,1,19,1
3.5,1,2,15,1
15.4,2,2,34,1
1.5,2,0,10,0
1.4,3,0,16,1
7.1,2,2,35,0
10.3,1,2,36,0
15.6,3,0,30,1
14.0,3,2,37,1
9.5,1,1,25,0
6.2,3,1,33,0
19.9,2,1,23,1
9.1,2,2,32,1
9.6,1,0,29,0
4.1,2,2,29,0
16.1,1,2,15,1
14.2,1,0,31,0
5.2,2,0,34,0
2.6,1,0,37,0
13.9,2,1,14,1
13.4,3,2,33,1
6.2,3,0,30,0
19.1,1,2,27,1
3.9,2,1,24,0
9.2,2,1,15,1
18.9,3,0,34,1
9.0,3,0,38,0
13.1,2,2,28,1
8.6,1,0,10,0
6.2,3,2,10,1
19.7,1,0,22,0
8.8,1,2,12,1
18.0,3,2,19,1
5.4,1,2,30,0
5.0,1,2,12,0
1.6,2,1,18,0
13.4,1,2,17,1
8.0,2,0,12,1
17.4,3,1,34,1
10.0,3,1,22,1
19.4,2,2,15,1
4.5,3,1,22,0
17.5,1,2,32,1
15.8,1,0,29,1
15.6,1,2,29,1
17.1,3,1,21,1
15.5,1,0,22,1
12.9,3,2,11,1
3.5,1,0,30,0
1.6,2,0,33,0
18.5,3,1,32,1
12.7,3,0,25,1
16.1,1,1,32,0
10.1,3,0,15,1
3.2,3,2,28,1
3.4,2,0,30,0
14.0,2,2,22,1
9.2,1,2,26,1
4.8,2,0,32,0
10.3,1,2,18,1
2.2,1,0,26,0
12.1,1,0,38,0
6.1,3,2,11,1
16.2,2,2,28,1
6.9,1,1,28,0
9.6,2,2,33,0
1.2,1,1,16,0
2.4,2,2,31,1
8.5,2,0,19,0
10.1,1,2,19,0
12.4,3,0,36,0
6.5,2,0,29,0
14.2,3,0,18,1
17.3,3,1,26,1
15.8,1,2,36,1
1.8,1,0,24,0
10.1,1,0,11,0
3.0,2,1,39,0
5.6,1,2,13,0
19.7,1,2,28,1
3.7,2,1,26,0
10.5,2,1,14,0
12.7,1,2,16,1
14.3,1,1,27,0
11.6,1,2,30,0
1.2,1,2,31,0
7.2,3,0,36,0
10.8,3,0,16,1
2.7,1,2,26,1
7.7,3,2,16,1
1.6,2,2,13,1
2.5,3,2,17,1
8.5,3,2,22,1
3.5,1,2,13,0
11.8,3,1,15,1
14.1,3,2,34,1
16.2,3,1,14,1
4.8,3,1,39,0
4.2,2,2,21,1
3.0,1,2,13,0
13.1,1,1,33,0
14.4,2,1,38,1
1.6,3,2,18,1
18.8,2,2,13,1
2.0,3,1,28,0
11.3,2,1,33,0
14.5,1,1,23,1
17.5,1,0,14,1
14.6,1,1,27,0
16.2,3,0,19,1
7.4,3,2,34,0
16.5,2,2,28,1
2.5,2,1,21,0
18.0,1,2,27,1
11.4,3,2,26,1
16.5,2,2,39,0
9.6,3,2,33,1
13.2,3,0,20,0
11.0,1,0,12,0
14.9,1,1,32,1
2.6,3,1,26,0
2.1,3,1,10,0
5.7,3,2,24,0
4.0,3,2,37,1
17.6,1,0,18,1
5.2,2,0,24,0
19.5,1,1,37,1
7.4,2,0,33,0
4.5,3,0,37,0
16.0,2,0,38,0
13.5,1,0,12,0
10.5,1,0,31,0
11.6,3,1,36,0
14.7,1,1,28,0
5.3,3,0,22,0
19.9,1,1,21,1
19.5,1,2,29,1
13.4,3,0,10,1
4.8,2,2,30,0
13.9,1,1,26,0
2.4,2,1,22,1
1.6,1,2,10,0
5.9,1,1,19,0
9.8,1,0,24,0
17.5,1,2,36,1
14.8,2,0,36,0
15.1,2,2,39,1
9.1,1,1,16,0
7.6,1,2,37,1
8.0,2,2,31,0
19.8,3,0,27,1
1.8,3,1,25,0
17.5,2,0,23,1
12.0,1,1,36,0
9.3,1,0,37,0
14.8,3,2,27,1
10.2,3,0,36,0
17.6,2,1,16,1
18.1,3,1,26,1
9.0,2,2,38,0
6.3,3,1,27,1
12.3,3,0,21,1
18.3,3,2,17,1
5.0,1,1,31,0
12.8,1,1,39,1
13.0,1,0,11,1
14.9,3,0,16,1
3.5,2,2,13,1
14.6,2,1,27,1
18.3,2,0,37,1
4.4,2,2,15,0
5.5,1,1,36,0
19.5,1,1,18,1
4.4,3,2,36,0
17.2,3,2,18,1
10.4,2,0,23,0
5.7,1,1,17,0
17.5,2,1,28,1
9.5,3,1,12,1
10.8,3,2,27,1
7.8,2,0,14,0
12.3,3,1,23,0
4.1,2,2,37,0
8.4,1,1,39,0
19.4,2,0,13,1
5.9,1,1,16,0
13.5,1,0,29,0
7.2,3,0,34,0
15.7,3,1,37,1
3.5,3,1,21,0
19.4,2,0,11,1
9.6,2,2,20,1
5.5,3,0,23,0
2.4,2,1,31,0
4.2,3,1,32,0
10.9,2,2,25,0
7.4,1,0,29,0
16.7,1,0,38,0
9.2,3,0,15,1
5.7,2,1,32,0
12.7,2,0,13,1
14.4,1,2,24,1
4.2,1,1,33,0
4.2,3,1,34,0
1.7,1,0,10,0
15.0,3,2,16,1
13.6,1,1,34,0
10.0,1,1,21,0
17.0,2,0,19,1
16.3,1,0,14,1
12.1,1,2,21,0
17.5,3,0,27,0
4.9,1,2,19,0
3.1,3,1,15,1
6.1,1,2,37,0
2.1,1,2,21,0
11.1,3,2,16,1
18.8,2,1,27,1
1.7,3,0,11,0
3.3,3,1,19,0
9.6,3,0,24,1
18.7,2,2,39,1
7.0,1,2,21,0
10.6,3,2,35,0
1.8,3,2,26,1
3.8,2,2,13,1
19.7,3,0,16,1
19.3,1,0,39,0
1.1,2,2,18,0
19.1,1,1,28,1
13.1,1,1,37,0
17.5,2,2,36,0
9.6,3,0,32,0
10.8,1,1,16,1
10.3,1,1,32,0
13.7,1,1,11,0
3.7,1,2,15,1
1.6,2,1,27,0
6.9,2,1,15,1
14.4,1,1,22,0
4.8,3,1,35,1
13.8,1,0,28,0
19.4,3,2,39,1
2.8,1,2,11,0
13.8,3,0,21,1
9.4,1,0,24,0
17.5,3,2,23,1
4.4,1,1,15,1
14.2,1,1,27,1
16.9,3,2,14,1
18.9,2,1,27,1
14.0,3,0,12,1
10.4,2,1,12,0
12.7,1,1,31,0
17.5,3,1,31,1
11.8,3,2,19,1
1.6,3,0,28,0
18.7,2,1,12,1
14.1,2,2,38,1
13.9,1,1,21,1
5.1,2,0,38,0
13.5,2,1,25,0
8.5,1,0,26,0
13.4,3,1,16,1
3.0,3,0,22,0
13.5,1,1,33,1
20.0,3,0,11,1
1.9,2,1,13,0
19.6,1,1,19,1
8.7,1,2,16,1
17.5,1,2,33,0
15.9,3,0,26,1
11.8,1,1,29,0
15.0,1,0,15,1
17.7,1,2,28,1
8.7,3,0,14,1
7.2,2,0,19,0
13.7,1,2,18,0
16.3,2,1,36,1
15.5,3,0,22,1
16.2,3,2,28,1
9.3,3,1,30,0
16.5,3,2,33,1
3.3,2,0,15,0
11.3,1,1,13,0
1.1,3,1,33,0
7.2,3,2,36,0
8.0,2,2,12,1
8.5,2,2,12,1
14.2,3,1,13,1
8.4,1,1,34,0
9.5,1,0,14,0
5.5,3,1,17,1
8.1,2,0,25,0
5.3,3,2,31,1
2.4,3,2,12,0
12.5,2,1,33,0
13.7,3,2,21,1
12.8,3,2,34,1
9.8,3,1,17,1
8.2,2,0,22,0
17.4,1,1,13,1
10.9,1,0,23,0
10.1,2,1,23,1
1.5,1,1,22,0
7.5,3,2,36,1
8.2,1,1,15,0
8.6,3,1,26,1
12.0,1,0,13,1
11.1,2,2,17,1
12.6,1,0,26,0
15.5,1,0,12,1
16.4,1,2,26,1
14.6,2,2,18,1
19.2,1,2,11,1
1.3,2,1,34,0
4.7,3,2,22,0
1.1,1,2,29,0
13.3,2,2,11,1
18.1,2,0,29,1
5.6,1,0,37,0
18.6,3,1,20,1
2.1,2,0,36,0
18.8,1,1,35,0
7.7,3,0,31,1
2.9,2,2,24,1
10.2,2,0,20,0
5.9,3,1,32,1
6.4,3,0,12,0
6.8,1,2,12,0
16.3,1,1,37,1
11.2,2,2,35,1
6.9,3,2,21,1
12.6,3,1,33,1
14.6,3,2,14,1
6.2,2,2,29,0
8.9,3,0,16,1
3.3,3,2,16,1
4.4,2,2,22,0
13.9,1,2,18,1
4.4,1,2,34,0
11.0,2,1,30,1
14.5,3,0,22,1
3.0,2,2,21,0
11.8,1,2,22,1
5.9,1,1,33,0
19.3,2,2,19,1
10.2,2,1,10,1
16.3,1,0,34,0
11.5,2,0,17,0
1.8,1,2,31,0
13.0,2,2,25,1
19.1,2,2,22,1
12.4,2,1,12,1
16.6,1,2,12,1
17.8,2,2,33,1
5.3,1,0,14,0
5.0,1,2,35,0
12.6,2,0,20,0
8.8,2,2,39,0
17.0,1,0,16,1
18.1,1,2,30,1
7.7,3,0,33,0
5.5,1,1,19,0
15.8,3,0,19,1
6.2,3,0,29,1
16.6,3,0,11,1
9.1,2,2,12,1
13.7,2,2,17,1
2.8,1,2,20,0
12.9,3,1,22,1
9.6,2,1,16,1
12.1,2,0,22,1
4.2,2,1,11,1
15.0,2,0,15,1
17.4,2,0,18,1
5.1,3,0,29,0
2.8,3,1,34,0
1.4,3,2,11,1
13.2,3,1,27,1
12.5,1,0,25,0
11.4,3,0,34,0
5.4,2,1,21,0
8.4,3,0,16,0
12.3,1,0,16,1
10.4,2,1,26,1
19.8,3,1,22,1
3.6,3,1,20,0
14.2,3,0,15,1
8.7,2,0,38,1
9.1,2,2,32,1
14.6,1,2,36,1
14.2,2,1,23,1
19.8,2,2,15,1
3.4,3,0,15,0
3.0,2,2,11,1
14.8,3,0,31,1
12.0,3,1,29,0
6.2,2,1,34,0
2.5,1,0,24,0
2.6,1,2,37,0
18.0,2,1,26,1
4.6,1,1,38,0
7.1,3,2,17,1
5.3,3,2,14,1
7.7,2,0,26,0
2.3,1,2,29,0
10.9,1,2,10,0
2.3,3,2,31,0
16.2,2,0,27,0
5.4,1,0,24,0
11.3,2,1,14,1
17.7,1,0,16,1
13.4,3,1,27,1
11.1,3,2,15,1
7.2,2,1,31,0
7.3,3,1,30,0
13.7,1,2,14,1
19.9,3,1,39,1
13.6,2,0,28,1
11.6,2,0,19,1
14.9,2,0,24,0
9.8,1,0,19,1
2.1,1,1,36,0
11.7,1,1,25,0
19.2,1,2,21,1
4.3,1,1,27,0
14.1,3,1,32,1
4.8,1,1,10,0
11.2,1,2,25,0
2.8,3,0,31,0
9.6,1,1,15,1
15.4,2,2,12,1
7.6,1,2,11,0
13.6,1,2,37,1
16.1,2,0,11,1
18.6,2,1,39,1
5.5,2,2,22,1
8.6,2,0,18,0
3.9,1,2,25,0
19.9,2,2,36,1
18.6,2,2,14,1
11.3,3,2,32,1
17.0,2,2,37,1
10.9,2,0,30,0
12.8,3,1,16,1
2.7,3,1,22,0
15.4,1,1,29,0
3.4,3,1,33,1
16.7,1,0,38,0
15.9,3,0,36,1
14.5,3,0,39,1
1.7,1,2,35,0
6.8,3,2,22,1
6.0,1,2,36,0
7.8,3,1,35,0
2.7,2,2,16,1
18.8,3,1,19,1
11.5,1,2,24,1
6.8,3,1,30,0
8.5,1,2,36,0
9.5,1,2,15,0
12.4,2,0,14,1
10.8,2,2,32,0
18.5,1,2,37,0
10.4,3,0,11,1
19.9,1,1,30,0
17.2,1,0,24,1
5.0,3,0,35,0
18.7,3,1,25,1
3.2,3,2,28,0
16.5,3,1,18,1
8.2,1,2,38,0
17.7,1,2,31,1
17.5,2,1,38,0
16.3,1,0,35,0
16.0,3,1,28,1
6.8,2,2,16,0
2.5,3,1,13,1
8.7,1,1,39,0
4.3,2,2,12,0
14.2,3,0,33,1
7.6,2,1,38,0
19.5,2,2,29,1
13.2,1,2,20,1
16.6,3,1,10,1
3.5,2,0,15,0
17.4,2,1,35,0
18.5,3,0,20,1
10.3,2,0,36,0
12.5,2,0,10,1
15.5,2,0,30,0
4.3,3,1,16,0
10.5,3,2,15,1
8.6,3,2,23,1
3.8,3,2,11,1
8.0,1,2,36,0
2.3,2,2,13,1
1.5,3,2,20,1
3.6,2,1,24,0
19.3,2,0,27,1
11.4,1,2,36,0
19.4,3,1,10,1
9.2,3,2,12,1
6.9,2,2,12,0
10.6,3,0,37,0
9.4,2,0,16,0
3.0,2,0,10,0
13.2,1,2,34,1
5.1,1,2,20,0
12.8,1,2,15,1
13.4,2,0,29,0
3.9,3,1,12,0
2.2,1,2,28,0
15.8,3,2,11,1
9.7,1,2,27,1
2.1,1,1,39,0
19.9,2,2,21,1
2.1,1,1,38,0
14.2,1,2,19,1
19.7,2,1,14,1
5.5,3,2,18,1
3.7,1,0,11,1
3.3,2,0,11,0
6.8,1,0,37,0
2.9,2,0,15,0
14.2,3,2,38,1
2.2,3,0,19,0
10.7,2,1,27,0
19.9,2,0,21,1
16.5,2,0,13,1
12.7,3,0,31,1
6.8,1,2,30,0
12.9,3,0,26,1
11.0,2,1,24,1
9.1,2,0,15,0
3.5,3,0,25,0
17.8,2,0,26,0
9.5,3,1,12,1
4.7,2,0,19,0
8.0,1,1,14,0
8.9,1,1,23,0
16.7,2,0,35,1
14.9,3,1,38,1
15.6,1,2,30,0
1.2,3,0,22,0
8.9,2,0,35,0
10.1,3,1,15,1
1.4,1,1,21,0
5.9,3,0,35,0
15.4,3,2,17,1
3.6,2,1,14,1
11.2,2,1,39,0
5.1,2,2,24,0
1.2,1,2,36,0
5.6,1,0,25,0
19.5,2,2,10,1
16.2,2,0,25,0
19.2,1,2,14,1
10.3,1,1,12,1
3.1,1,0,29,0
11.4,1,0,24,1
9.6,2,0,22,0
17.0,1,2,33,0
2.9,2,1,25,0
10.3,3,0,32,0
3.9,3,0,20,1
7.2,1,0,30,0
15.0,3,0,11,1
10.0,3,1,31,0
8.1,3,2,36,1
8.5,1,1,15,1
9.7,1,0,35,0
15.9,3,1,35,1
17.9,2,0,39,0
19.2,3,2,36,1
16.0,1,2,15,1
7.0,1,2,23,0
14.1,1,0,34,0
9.3,3,1,20,1
5.8,2,2,17,1
17.0,1,0,17,0
1.7,1,0,10,0
18.1,3,1,30,1
9.8,2,2,16,1
13.1,3,0,15,1
13.5,1,1,30,0
18.0,2,2,17,1
13.1,2,1,28,0
12.7,1,1,31,0
2.3,2,0,30,0
10.8,2,0,33,0
3.9,3,0,29,0
15.0,1,1,17,0
10.7,1,0,35,0
13.9,1,1,23,0
1.8,1,1,27,0
2.6,1,0,34,0
14.6,2,2,38,1
2.4,3,2,25,0
2.4,1,2,18,0
1.2,3,1,24,0
19.2,3,1,39,1
15.0,2,1,35,0
7.7,1,0,19,0
6.6,2,1,38,0
7.6,1,0,31,0
15.7,2,0,25,1
13.6,3,2,13,1
4.5,1,2,29,0
4.3,3,2,22,1
2.9,3,0,31,0
13.5,2,0,14,1
15.5,1,0,31,0
6.0,3,1,16,0
1.4,2,0,32,0
2.6,1,2,18,1
19.4,1,2,17,1
6.6,3,0,38,0
15.6,1,0,25,0
12.9,3,2,15,1
8.3,1,0,37,0
4.9,2,2,25,1
3.3,3,1,15,1
12.7,3,2,23,1
15.7,1,1,30,0
13.2,1,0,10,0
11.1,3,0,34,1
1.8,1,1,18,0
19.4,2,0,34,0
16.2,1,1,36,0
6.6,2,0,33,0
19.6,2,2,22,1
12.4,2,0,35,0
12.1,2,2,38,0
15.2,2,2,28,1
16.4,1,1,26,0
13.5,2,0,20,0
3.4,1,1,37,0
7.4,2,0,37,0
18.6,3,2,17,1
5.3,2,2,32,0
8.1,3,0,38,0
9.2,2,0,14,1
9.3,2,1,19,1
12.6,2,0,16,1
18.9,3,0,19,1
5.6,3,0,13,1
3.3,2,1,18,0
4.8,1,0,36,0
17.9,2,2,35,1
13.3,3,1,23,1
6.4,2,1,11,0
16.5,3,2,34,1
17.4,3,2,18,1
17.1,3,2,30,1
18.5,2,0,36,0
5.8,3,2,10,1
15.3,3,0,32,1
9.8,2,1,19,1
17.0,3,1,19,1
14.8,2,2,29,1
15.8,3,0,34,1
13.5,1,2,31,0
4.4,1,2,38,0
11.4,3,0,12,1
19.7,1,2,15,1
18.8,2,1,38,1
1.8,1,2,35,0
4.1,3,0,15,0
3.5,3,0,30,0
14.8,2,1,11,1
16.5,3,0,35,0
5.1,2,0,35,0
10.6,1,1,27,0
17.0,1,2,32,1
14.9,2,1,11,1
11.3,2,2,21,1
12.2,3,1,31,1
10.7,1,2,14,1
6.7,2,1,29,0
11.7,1,2,16,1
14.1,2,1,33,1
17.6,1,2,25,1
13.1,3,1,29,0
15.5,1,0,10,1
4.0,1,2,10,0
9.8,1,1,26,0
1.2,1,2,36,0
5.7,1,2,10,0
14.8,3,1,30,1
19.8,2,2,29,1
2.9,1,1,22,0
8.6,3,0,39,0
16.2,1,2,18,1
4.9,1,0,24,0
11.5,2,2,12,1
14.9,1,2,23,1
12.7,3,2,32,1
4.6,3,1,20,0
7.8,2,0,33,0
15.9,1,2,31,1
11.5,3,1,21,1
1.1,1,2,22,0
15.5,1,1,35,0
1.7,1,2,22,0
15.2,2,0,10,1
4.8,1,0,33,0
19.2,3,2,19,1
8.0,1,1,12,0
7.2,3,2,33,1
3.8,1,1,37,0
6.8,3,2,13,1
17.7,3,1,25,1
19.9,1,0,17,1
8.0,1,2,25,0
9.5,3,0,36,1
14.7,2,0,26,1
17.8,1,2,28,1
12.3,2,2,31,0
8.4,1,1,24,0
8.8,1,1,25,0
14.2,1,0,24,0
1.1,1,1,34,0
12.8,2,1,11,0
7.8,1,2,20,0
16.1,3,1,10,1
2.8,3,0,24,0
12.2,2,1,35,0
10.1,1,0,28,0
13.2,3,2,13,1
2.2,2,0,20,0
12.0,1,1,14,1
11.7,3,2,12,1
11.7,3,1,22,1
12.5,2,2,19,1
13.9,1,2,20,1
16.3,1,1,27,0
6.1,3,1,11,1
16.7,3,2,16,1
10.5,3,2,18,1
2.5,1,1,19,0
2.1,2,0,27,0
7.4,2,1,32,1
15.9,1,2,16,1
14.4,2,1,36,0
16.0,3,0,16,1
10.8,2,1,12,1
9.4,2,2,21,0
3.8,2,1,16,0
7.2,3,2,26,1
9.2,1,2,35,0
2.7,3,1,10,0
5.2,1,2,14,1
12.4,1,2,25,0
15.0,1,0,24,0
20.0,2,0,11,1
18.7,2,0,18,1
13.2,1,0,16,1
9.0,1,2,13,1
13.1,2,1,29,1
15.9,3,2,27,1
3.2,1,2,30,0
8.8,3,2,13,1
17.0,2,1,37,1
8.3,1,0,22,0
11.9,3,2,10,1
12.2,3,2,37,1
4.5,3,0,33,0
7.9,2,2,12,1
7.4,2,1,25,0
1.5,3,2,39,0
1.5,3,2,31,0
16.8,2,0,13,1
6.2,3,2,34,0
10.8,3,2,32,0
6.7,2,1,34,0
18.9,3,0,25,1
5.9,3,0,35,0
9.2,3,1,28,1
17.6,2,2,10,1
17.0,3,0,14,1
4.5,2,0,28,0
16.3,2,2,31,1
9.7,1,2,33,0
10.2,1,0,20,0
3.5,3,2,22,1
2.5,2,0,29,0
14.8,1,2,14,1
10.4,3,2,30,1
9.3,1,1,13,0
14.9,1,2,13,1
15.5,2,1,13,1
4.0,2,2,13,1
12.6,1,0,29,0
3.6,1,0,30,0
15.3,2,2,27,0
13.5,3,2,27,1
19.2,2,0,25,1
2.3,1,2,18,0
2.1,3,1,27,1
6.4,1,1,31,0
